Workbook

Sheet Petunjuk
B2: BUKU KAS UMKM SEDERHANA
B3: Template Pencatatan Keuangan untuk Pelaku Usaha Desa
B5: ✅ APA FUNGSI TEMPLATE INI?
B6: ✔ Mencatat semua uang masuk (pemasukan) dari hasil penjualan usaha Anda.
B7: ✔ Mencatat semua uang keluar (pengeluaran) untuk keperluan usaha.
B8: ✔ Menghitung sisa saldo / kas usaha secara otomatis.
B9: ✔ Mengetahui apakah usaha Anda untung atau rugi setiap bulan.
B11: 📌 CARA PENGGUNAAN
B12: 1️⃣ Sheet JANUARI – DESEMBER | C12: Pilih sheet bulan yang sesuai, lalu isi kolom tanggal, keterangan, pemasukan / pengeluaran.
B13: 2️⃣ Kolom SALDO | C13: Saldo akan terhitung OTOMATIS. Jangan diisi manual.
B14: 3️⃣ Sheet REKAP TAHUNAN | C14: Ringkasan otomatis seluruh 12 bulan. Lihat untung/rugi per bulan di sini.
B15: 4️⃣ Pisahkan uang usaha & pribadi | C15: Jangan campur pengeluaran usaha dengan belanja rumah tangga.
B16: 5️⃣ Isi setiap hari atau minimal sekali seminggu | C16: Makin rutin dicatat, makin mudah mengelola keuangan usaha Anda.
B18: 💡 KETERANGAN WARNA
C19: Baris Pemasukan — uang yang masuk ke usaha Anda
C20: Baris Pengeluaran — uang yang keluar dari usaha Anda
C21: Baris Saldo — sisa uang kas usaha
C22: Header / Judul kolom

Sheet 📅 Januari
A2: 📒 BUKU KAS USAHA — JANUARI
A3: Nama Usaha : Wingko Sukun Nama Pemilik : ___________________________ Tahun : _______
A5: 💰 SALDO AWAL BULAN INI (Rp) | E5: 1500000 | F5: ← Isi angka saldo awal di sini
A7: No | B7: Tanggal | C7: Keterangan | D7: Kategori | E7: Pemasukan (Rp) | F7: Pengeluaran (Rp) | G7: Saldo (Rp)
A8: 1 | B8: 3 Juli 2026 | C8: Beli bahan baku | D8: bahan baku | E8: 0 | F8: 150000 | G8: =E5+IFERROR(IF(E8="",0,E8),0)-IFERROR(IF(F8="",0,F8),0) -> 1350000
A9: 2 | G9: =IFERROR(G8,0)+IFERROR(IF(E9="",0,E9),0)-IFERROR(IF(F9="",0,F9),0) -> 1350000
A10: 3 | G10: =IFERROR(G9,0)+IFERROR(IF(E10="",0,E10),0)-IFERROR(IF(F10="",0,F10),0) -> 1350000
A11: 4 | G11: =IFERROR(G10,0)+IFERROR(IF(E11="",0,E11),0)-IFERROR(IF(F11="",0,F11),0) -> 1350000
A12: 5 | G12: =IFERROR(G11,0)+IFERROR(IF(E12="",0,E12),0)-IFERROR(IF(F12="",0,F12),0) -> 1350000
A13: 6 | G13: =IFERROR(G12,0)+IFERROR(IF(E13="",0,E13),0)-IFERROR(IF(F13="",0,F13),0) -> 1350000
A14: 7 | G14: =IFERROR(G13,0)+IFERROR(IF(E14="",0,E14),0)-IFERROR(IF(F14="",0,F14),0) -> 1350000
A15: 8 | G15: =IFERROR(G14,0)+IFERROR(IF(E15="",0,E15),0)-IFERROR(IF(F15="",0,F15),0) -> 1350000
A16: 9 | G16: =IFERROR(G15,0)+IFERROR(IF(E16="",0,E16),0)-IFERROR(IF(F16="",0,F16),0) -> 1350000
A17: 10 | G17: =IFERROR(G16,0)+IFERROR(IF(E17="",0,E17),0)-IFERROR(IF(F17="",0,F17),0) -> 1350000
A18: 11 | G18: =IFERROR(G17,0)+IFERROR(IF(E18="",0,E18),0)-IFERROR(IF(F18="",0,F18),0) -> 1350000
A19: 12 | G19: =IFERROR(G18,0)+IFERROR(IF(E19="",0,E19),0)-IFERROR(IF(F19="",0,F19),0) -> 1350000
A20: 13 | G20: =IFERROR(G19,0)+IFERROR(IF(E20="",0,E20),0)-IFERROR(IF(F20="",0,F20),0) -> 1350000
... A37: 30 | G37: =IFERROR(G36,0)+IFERROR(IF(E37="",0,E37),0)-IFERROR(IF(F37="",0,F37),0) -> 1350000
A38: TOTAL BULAN INI | E38: =SUM(E8:E37) -> 0 | F38: =SUM(F8:F37) -> 150000 | G38: =G37 -> 1350000
A40: 📊 SELISIH (Pemasukan – Pengeluaran) | E40: =E38-F38 -> -150000
A41: ℹ️ Jika Selisih POSITIF (+) → Usaha UNTUNG bulan ini | Jika NEGATIF (–) → Perlu dievaluasi
A43: 💡 Contoh Kategori Pemasukan: Penjualan, Jasa, Titipan | Pengeluaran: Bahan Baku, Ongkos Kirim, Listrik, Gaji, Sewa, Lain-lain

Sheet 📅 Februari
A2: 📒 BUKU KAS USAHA — FEBRUARI
A3: Nama Usaha : ___________________________ Nama Pemilik : ___________________________ Tahun : _______
A5: 💰 SALDO AWAL BULAN INI (Rp) | E5: 0 | F5: ← Isi angka saldo awal di sini
A7: No | B7: Tanggal | C7: Keterangan | D7: Kategori | E7: Pemasukan (Rp) | F7: Pengeluaran (Rp) | G7: Saldo (Rp)
A8: 1 | G8: =E5+IFERROR(IF(E8="",0,E8),0)-IFERROR(IF(F8="",0,F8),0) -> 0
A9: 2 | G9: =IFERROR(G8,0)+IFERROR(IF(E9="",0,E9),0)-IFERROR(IF(F9="",0,F9),0) -> 0
A10: 3 | G10: =IFERROR(G9,0)+IFERROR(IF(E10="",0,E10),0)-IFERROR(IF(F10="",0,F10),0) -> 0
A11: 4 | G11: =IFERROR(G10,0)+IFERROR(IF(E11="",0,E11),0)-IFERROR(IF(F11="",0,F11),0) -> 0
A12: 5 | G12: =IFERROR(G11,0)+IFERROR(IF(E12="",0,E12),0)-IFERROR(IF(F12="",0,F12),0) -> 0
A13: 6 | G13: =IFERROR(G12,0)+IFERROR(IF(E13="",0,E13),0)-IFERROR(IF(F13="",0,F13),0) -> 0
A14: 7 | G14: =IFERROR(G13,0)+IFERROR(IF(E14="",0,E14),0)-IFERROR(IF(F14="",0,F14),0) -> 0
A15: 8 | G15: =IFERROR(G14,0)+IFERROR(IF(E15="",0,E15),0)-IFERROR(IF(F15="",0,F15),0) -> 0
A16: 9 | G16: =IFERROR(G15,0)+IFERROR(IF(E16="",0,E16),0)-IFERROR(IF(F16="",0,F16),0) -> 0
A17: 10 | G17: =IFERROR(G16,0)+IFERROR(IF(E17="",0,E17),0)-IFERROR(IF(F17="",0,F17),0) -> 0
A18: 11 | G18: =IFERROR(G17,0)+IFERROR(IF(E18="",0,E18),0)-IFERROR(IF(F18="",0,F18),0) -> 0
A19: 12 | G19: =IFERROR(G18,0)+IFERROR(IF(E19="",0,E19),0)-IFERROR(IF(F19="",0,F19),0) -> 0
A20: 13 | G20: =IFERROR(G19,0)+IFERROR(IF(E20="",0,E20),0)-IFERROR(IF(F20="",0,F20),0) -> 0
... A37: 30 | G37: =IFERROR(G36,0)+IFERROR(IF(E37="",0,E37),0)-IFERROR(IF(F37="",0,F37),0) -> 0
A38: TOTAL BULAN INI | E38: =SUM(E8:E37) -> 0 | F38: =SUM(F8:F37) -> 0 | G38: =G37 -> 0
A40: 📊 SELISIH (Pemasukan – Pengeluaran) | E40: =E38-F38 -> 0
A41: ℹ️ Jika Selisih POSITIF (+) → Usaha UNTUNG bulan ini | Jika NEGATIF (–) → Perlu dievaluasi
A43: 💡 Contoh Kategori Pemasukan: Penjualan, Jasa, Titipan | Pengeluaran: Bahan Baku, Ongkos Kirim, Listrik, Gaji, Sewa, Lain-lain

Sheet 📅 Maret
A2: 📒 BUKU KAS USAHA — MARET
A3: Nama Usaha : ___________________________ Nama Pemilik : ___________________________ Tahun : _______
A5: 💰 SALDO AWAL BULAN INI (Rp) | E5: 0 | F5: ← Isi angka saldo awal di sini
A7: No | B7: Tanggal | C7: Keterangan | D7: Kategori | E7: Pemasukan (Rp) | F7: Pengeluaran (Rp) | G7: Saldo (Rp)
A8: 1 | G8: =E5+IFERROR(IF(E8="",0,E8),0)-IFERROR(IF(F8="",0,F8),0) -> 0
A9: 2 | G9: =IFERROR(G8,0)+IFERROR(IF(E9="",0,E9),0)-IFERROR(IF(F9="",0,F9),0) -> 0
A10: 3 | G10: =IFERROR(G9,0)+IFERROR(IF(E10="",0,E10),0)-IFERROR(IF(F10="",0,F10),0) -> 0
A11: 4 | G11: =IFERROR(G10,0)+IFERROR(IF(E11="",0,E11),0)-IFERROR(IF(F11="",0,F11),0) -> 0
A12: 5 | G12: =IFERROR(G11,0)+IFERROR(IF(E12="",0,E12),0)-IFERROR(IF(F12="",0,F12),0) -> 0
A13: 6 | G13: =IFERROR(G12,0)+IFERROR(IF(E13="",0,E13),0)-IFERROR(IF(F13="",0,F13),0) -> 0
A14: 7 | G14: =IFERROR(G13,0)+IFERROR(IF(E14="",0,E14),0)-IFERROR(IF(F14="",0,F14),0) -> 0
A15: 8 | G15: =IFERROR(G14,0)+IFERROR(IF(E15="",0,E15),0)-IFERROR(IF(F15="",0,F15),0) -> 0
A16: 9 | G16: =IFERROR(G15,0)+IFERROR(IF(E16="",0,E16),0)-IFERROR(IF(F16="",0,F16),0) -> 0
A17: 10 | G17: =IFERROR(G16,0)+IFERROR(IF(E17="",0,E17),0)-IFERROR(IF(F17="",0,F17),0) -> 0
A18: 11 | G18: =IFERROR(G17,0)+IFERROR(IF(E18="",0,E18),0)-IFERROR(IF(F18="",0,F18),0) -> 0
A19: 12 | G19: =IFERROR(G18,0)+IFERROR(IF(E19="",0,E19),0)-IFERROR(IF(F19="",0,F19),0) -> 0
A20: 13 | G20: =IFERROR(G19,0)+IFERROR(IF(E20="",0,E20),0)-IFERROR(IF(F20="",0,F20),0) -> 0
... A37: 30 | G37: =IFERROR(G36,0)+IFERROR(IF(E37="",0,E37),0)-IFERROR(IF(F37="",0,F37),0) -> 0
A38: TOTAL BULAN INI | E38: =SUM(E8:E37) -> 0 | F38: =SUM(F8:F37) -> 0 | G38: =G37 -> 0
A40: 📊 SELISIH (Pemasukan – Pengeluaran) | E40: =E38-F38 -> 0
A41: ℹ️ Jika Selisih POSITIF (+) → Usaha UNTUNG bulan ini | Jika NEGATIF (–) → Perlu dievaluasi
A43: 💡 Contoh Kategori Pemasukan: Penjualan, Jasa, Titipan | Pengeluaran: Bahan Baku, Ongkos Kirim, Listrik, Gaji, Sewa, Lain-lain

Sheet 📅 April
A2: 📒 BUKU KAS USAHA — APRIL
A3: Nama Usaha : ___________________________ Nama Pemilik : ___________________________ Tahun : _______
A5: 💰 SALDO AWAL BULAN INI (Rp) | E5: 0 | F5: ← Isi angka saldo awal di sini
A7: No | B7: Tanggal | C7: Keterangan | D7: Kategori | E7: Pemasukan (Rp) | F7: Pengeluaran (Rp) | G7: Saldo (Rp)
A8: 1 | G8: =E5+IFERROR(IF(E8="",0,E8),0)-IFERROR(IF(F8="",0,F8),0) -> 0
A9: 2 | G9: =IFERROR(G8,0)+IFERROR(IF(E9="",0,E9),0)-IFERROR(IF(F9="",0,F9),0) -> 0
A10: 3 | G10: =IFERROR(G9,0)+IFERROR(IF(E10="",0,E10),0)-IFERROR(IF(F10="",0,F10),0) -> 0
A11: 4 | G11: =IFERROR(G10,0)+IFERROR(IF(E11="",0,E11),0)-IFERROR(IF(F11="",0,F11),0) -> 0
A12: 5 | G12: =IFERROR(G11,0)+IFERROR(IF(E12="",0,E12),0)-IFERROR(IF(F12="",0,F12),0) -> 0
A13: 6 | G13: =IFERROR(G12,0)+IFERROR(IF(E13="",0,E13),0)-IFERROR(IF(F13="",0,F13),0) -> 0
A14: 7 | G14: =IFERROR(G13,0)+IFERROR(IF(E14="",0,E14),0)-IFERROR(IF(F14="",0,F14),0) -> 0
A15: 8 | G15: =IFERROR(G14,0)+IFERROR(IF(E15="",0,E15),0)-IFERROR(IF(F15="",0,F15),0) -> 0
A16: 9 | G16: =IFERROR(G15,0)+IFERROR(IF(E16="",0,E16),0)-IFERROR(IF(F16="",0,F16),0) -> 0
A17: 10 | G17: =IFERROR(G16,0)+IFERROR(IF(E17="",0,E17),0)-IFERROR(IF(F17="",0,F17),0) -> 0
A18: 11 | G18: =IFERROR(G17,0)+IFERROR(IF(E18="",0,E18),0)-IFERROR(IF(F18="",0,F18),0) -> 0
A19: 12 | G19: =IFERROR(G18,0)+IFERROR(IF(E19="",0,E19),0)-IFERROR(IF(F19="",0,F19),0) -> 0
A20: 13 | G20: =IFERROR(G19,0)+IFERROR(IF(E20="",0,E20),0)-IFERROR(IF(F20="",0,F20),0) -> 0
... A37: 30 | G37: =IFERROR(G36,0)+IFERROR(IF(E37="",0,E37),0)-IFERROR(IF(F37="",0,F37),0) -> 0
A38: TOTAL BULAN INI | E38: =SUM(E8:E37) -> 0 | F38: =SUM(F8:F37) -> 0 | G38: =G37 -> 0
A40: 📊 SELISIH (Pemasukan – Pengeluaran) | E40: =E38-F38 -> 0
A41: ℹ️ Jika Selisih POSITIF (+) → Usaha UNTUNG bulan ini | Jika NEGATIF (–) → Perlu dievaluasi
A43: 💡 Contoh Kategori Pemasukan: Penjualan, Jasa, Titipan | Pengeluaran: Bahan Baku, Ongkos Kirim, Listrik, Gaji, Sewa, Lain-lain

Sheet 📅 Mei
A2: 📒 BUKU KAS USAHA — MEI
A3: Nama Usaha : ___________________________ Nama Pemilik : ___________________________ Tahun : _______
A5: 💰 SALDO AWAL BULAN INI (Rp) | E5: 0 | F5: ← Isi angka saldo awal di sini
A7: No | B7: Tanggal | C7: Keterangan | D7: Kategori | E7: Pemasukan (Rp) | F7: Pengeluaran (Rp) | G7: Saldo (Rp)
A8: 1 | G8: =E5+IFERROR(IF(E8="",0,E8),0)-IFERROR(IF(F8="",0,F8),0) -> 0
A9: 2 | G9: =IFERROR(G8,0)+IFERROR(IF(E9="",0,E9),0)-IFERROR(IF(F9="",0,F9),0) -> 0
A10: 3 | G10: =IFERROR(G9,0)+IFERROR(IF(E10="",0,E10),0)-IFERROR(IF(F10="",0,F10),0) -> 0
A11: 4 | G11: =IFERROR(G10,0)+IFERROR(IF(E11="",0,E11),0)-IFERROR(IF(F11="",0,F11),0) -> 0
A12: 5 | G12: =IFERROR(G11,0)+IFERROR(IF(E12="",0,E12),0)-IFERROR(IF(F12="",0,F12),0) -> 0
A13: 6 | G13: =IFERROR(G12,0)+IFERROR(IF(E13="",0,E13),0)-IFERROR(IF(F13="",0,F13),0) -> 0
A14: 7 | G14: =IFERROR(G13,0)+IFERROR(IF(E14="",0,E14),0)-IFERROR(IF(F14="",0,F14),0) -> 0
A15: 8 | G15: =IFERROR(G14,0)+IFERROR(IF(E15="",0,E15),0)-IFERROR(IF(F15="",0,F15),0) -> 0
A16: 9 | G16: =IFERROR(G15,0)+IFERROR(IF(E16="",0,E16),0)-IFERROR(IF(F16="",0,F16),0) -> 0
A17: 10 | G17: =IFERROR(G16,0)+IFERROR(IF(E17="",0,E17),0)-IFERROR(IF(F17="",0,F17),0) -> 0
A18: 11 | G18: =IFERROR(G17,0)+IFERROR(IF(E18="",0,E18),0)-IFERROR(IF(F18="",0,F18),0) -> 0
A19: 12 | G19: =IFERROR(G18,0)+IFERROR(IF(E19="",0,E19),0)-IFERROR(IF(F19="",0,F19),0) -> 0
A20: 13 | G20: =IFERROR(G19,0)+IFERROR(IF(E20="",0,E20),0)-IFERROR(IF(F20="",0,F20),0) -> 0
... A37: 30 | G37: =IFERROR(G36,0)+IFERROR(IF(E37="",0,E37),0)-IFERROR(IF(F37="",0,F37),0) -> 0
A38: TOTAL BULAN INI | E38: =SUM(E8:E37) -> 0 | F38: =SUM(F8:F37) -> 0 | G38: =G37 -> 0
A40: 📊 SELISIH (Pemasukan – Pengeluaran) | E40: =E38-F38 -> 0
A41: ℹ️ Jika Selisih POSITIF (+) → Usaha UNTUNG bulan ini | Jika NEGATIF (–) → Perlu dievaluasi
A43: 💡 Contoh Kategori Pemasukan: Penjualan, Jasa, Titipan | Pengeluaran: Bahan Baku, Ongkos Kirim, Listrik, Gaji, Sewa, Lain-lain

Sheet 📅 Juni
A2: 📒 BUKU KAS USAHA — JUNI
A3: Nama Usaha : ___________________________ Nama Pemilik : ___________________________ Tahun : _______
A5: 💰 SALDO AWAL BULAN INI (Rp) | E5: 0 | F5: ← Isi angka saldo awal di sini
A7: No | B7: Tanggal | C7: Keterangan | D7: Kategori | E7: Pemasukan (Rp) | F7: Pengeluaran (Rp) | G7: Saldo (Rp)
A8: 1 | G8: =E5+IFERROR(IF(E8="",0,E8),0)-IFERROR(IF(F8="",0,F8),0) -> 0
A9: 2 | G9: =IFERROR(G8,0)+IFERROR(IF(E9="",0,E9),0)-IFERROR(IF(F9="",0,F9),0) -> 0
A10: 3 | G10: =IFERROR(G9,0)+IFERROR(IF(E10="",0,E10),0)-IFERROR(IF(F10="",0,F10),0) -> 0
A11: 4 | G11: =IFERROR(G10,0)+IFERROR(IF(E11="",0,E11),0)-IFERROR(IF(F11="",0,F11),0) -> 0
A12: 5 | G12: =IFERROR(G11,0)+IFERROR(IF(E12="",0,E12),0)-IFERROR(IF(F12="",0,F12),0) -> 0
A13: 6 | G13: =IFERROR(G12,0)+IFERROR(IF(E13="",0,E13),0)-IFERROR(IF(F13="",0,F13),0) -> 0
A14: 7 | G14: =IFERROR(G13,0)+IFERROR(IF(E14="",0,E14),0)-IFERROR(IF(F14="",0,F14),0) -> 0
A15: 8 | G15: =IFERROR(G14,0)+IFERROR(IF(E15="",0,E15),0)-IFERROR(IF(F15="",0,F15),0) -> 0
A16: 9 | G16: =IFERROR(G15,0)+IFERROR(IF(E16="",0,E16),0)-IFERROR(IF(F16="",0,F16),0) -> 0
A17: 10 | G17: =IFERROR(G16,0)+IFERROR(IF(E17="",0,E17),0)-IFERROR(IF(F17="",0,F17),0) -> 0
A18: 11 | G18: =IFERROR(G17,0)+IFERROR(IF(E18="",0,E18),0)-IFERROR(IF(F18="",0,F18),0) -> 0
A19: 12 | G19: =IFERROR(G18,0)+IFERROR(IF(E19="",0,E19),0)-IFERROR(IF(F19="",0,F19),0) -> 0
A20: 13 | G20: =IFERROR(G19,0)+IFERROR(IF(E20="",0,E20),0)-IFERROR(IF(F20="",0,F20),0) -> 0
... A37: 30 | G37: =IFERROR(G36,0)+IFERROR(IF(E37="",0,E37),0)-IFERROR(IF(F37="",0,F37),0) -> 0
A38: TOTAL BULAN INI | E38: =SUM(E8:E37) -> 0 | F38: =SUM(F8:F37) -> 0 | G38: =G37 -> 0
A40: 📊 SELISIH (Pemasukan – Pengeluaran) | E40: =E38-F38 -> 0
A41: ℹ️ Jika Selisih POSITIF (+) → Usaha UNTUNG bulan ini | Jika NEGATIF (–) → Perlu dievaluasi
A43: 💡 Contoh Kategori Pemasukan: Penjualan, Jasa, Titipan | Pengeluaran: Bahan Baku, Ongkos Kirim, Listrik, Gaji, Sewa, Lain-lain

Sheet 📅 Juli
A2: 📒 BUKU KAS USAHA — JULI
A3: Nama Usaha : ___________________________ Nama Pemilik : ___________________________ Tahun : _______
A5: 💰 SALDO AWAL BULAN INI (Rp) | E5: 0 | F5: ← Isi angka saldo awal di sini
A7: No | B7: Tanggal | C7: Keterangan | D7: Kategori | E7: Pemasukan (Rp) | F7: Pengeluaran (Rp) | G7: Saldo (Rp)
A8: 1 | G8: =E5+IFERROR(IF(E8="",0,E8),0)-IFERROR(IF(F8="",0,F8),0) -> 0
A9: 2 | G9: =IFERROR(G8,0)+IFERROR(IF(E9="",0,E9),0)-IFERROR(IF(F9="",0,F9),0) -> 0
A10: 3 | G10: =IFERROR(G9,0)+IFERROR(IF(E10="",0,E10),0)-IFERROR(IF(F10="",0,F10),0) -> 0
A11: 4 | G11: =IFERROR(G10,0)+IFERROR(IF(E11="",0,E11),0)-IFERROR(IF(F11="",0,F11),0) -> 0
A12: 5 | G12: =IFERROR(G11,0)+IFERROR(IF(E12="",0,E12),0)-IFERROR(IF(F12="",0,F12),0) -> 0
A13: 6 | G13: =IFERROR(G12,0)+IFERROR(IF(E13="",0,E13),0)-IFERROR(IF(F13="",0,F13),0) -> 0
A14: 7 | G14: =IFERROR(G13,0)+IFERROR(IF(E14="",0,E14),0)-IFERROR(IF(F14="",0,F14),0) -> 0
A15: 8 | G15: =IFERROR(G14,0)+IFERROR(IF(E15="",0,E15),0)-IFERROR(IF(F15="",0,F15),0) -> 0
A16: 9 | G16: =IFERROR(G15,0)+IFERROR(IF(E16="",0,E16),0)-IFERROR(IF(F16="",0,F16),0) -> 0
A17: 10 | G17: =IFERROR(G16,0)+IFERROR(IF(E17="",0,E17),0)-IFERROR(IF(F17="",0,F17),0) -> 0
A18: 11 | G18: =IFERROR(G17,0)+IFERROR(IF(E18="",0,E18),0)-IFERROR(IF(F18="",0,F18),0) -> 0
A19: 12 | G19: =IFERROR(G18,0)+IFERROR(IF(E19="",0,E19),0)-IFERROR(IF(F19="",0,F19),0) -> 0
A20: 13 | G20: =IFERROR(G19,0)+IFERROR(IF(E20="",0,E20),0)-IFERROR(IF(F20="",0,F20),0) -> 0
... A37: 30 | G37: =IFERROR(G36,0)+IFERROR(IF(E37="",0,E37),0)-IFERROR(IF(F37="",0,F37),0) -> 0
A38: TOTAL BULAN INI | E38: =SUM(E8:E37) -> 0 | F38: =SUM(F8:F37) -> 0 | G38: =G37 -> 0
A40: 📊 SELISIH (Pemasukan – Pengeluaran) | E40: =E38-F38 -> 0
A41: ℹ️ Jika Selisih POSITIF (+) → Usaha UNTUNG bulan ini | Jika NEGATIF (–) → Perlu dievaluasi
A43: 💡 Contoh Kategori Pemasukan: Penjualan, Jasa, Titipan | Pengeluaran: Bahan Baku, Ongkos Kirim, Listrik, Gaji, Sewa, Lain-lain

Sheet 📅 Agustus
A2: 📒 BUKU KAS USAHA — AGUSTUS
A3: Nama Usaha : ___________________________ Nama Pemilik : ___________________________ Tahun : _______
A5: 💰 SALDO AWAL BULAN INI (Rp) | E5: 0 | F5: ← Isi angka saldo awal di sini
A7: No | B7: Tanggal | C7: Keterangan | D7: Kategori | E7: Pemasukan (Rp) | F7: Pengeluaran (Rp) | G7: Saldo (Rp)
A8: 1 | G8: =E5+IFERROR(IF(E8="",0,E8),0)-IFERROR(IF(F8="",0,F8),0) -> 0
A9: 2 | G9: =IFERROR(G8,0)+IFERROR(IF(E9="",0,E9),0)-IFERROR(IF(F9="",0,F9),0) -> 0
A10: 3 | G10: =IFERROR(G9,0)+IFERROR(IF(E10="",0,E10),0)-IFERROR(IF(F10="",0,F10),0) -> 0
A11: 4 | G11: =IFERROR(G10,0)+IFERROR(IF(E11="",0,E11),0)-IFERROR(IF(F11="",0,F11),0) -> 0
A12: 5 | G12: =IFERROR(G11,0)+IFERROR(IF(E12="",0,E12),0)-IFERROR(IF(F12="",0,F12),0) -> 0
A13: 6 | G13: =IFERROR(G12,0)+IFERROR(IF(E13="",0,E13),0)-IFERROR(IF(F13="",0,F13),0) -> 0
A14: 7 | G14: =IFERROR(G13,0)+IFERROR(IF(E14="",0,E14),0)-IFERROR(IF(F14="",0,F14),0) -> 0
A15: 8 | G15: =IFERROR(G14,0)+IFERROR(IF(E15="",0,E15),0)-IFERROR(IF(F15="",0,F15),0) -> 0
A16: 9 | G16: =IFERROR(G15,0)+IFERROR(IF(E16="",0,E16),0)-IFERROR(IF(F16="",0,F16),0) -> 0
A17: 10 | G17: =IFERROR(G16,0)+IFERROR(IF(E17="",0,E17),0)-IFERROR(IF(F17="",0,F17),0) -> 0
A18: 11 | G18: =IFERROR(G17,0)+IFERROR(IF(E18="",0,E18),0)-IFERROR(IF(F18="",0,F18),0) -> 0
A19: 12 | G19: =IFERROR(G18,0)+IFERROR(IF(E19="",0,E19),0)-IFERROR(IF(F19="",0,F19),0) -> 0
A20: 13 | G20: =IFERROR(G19,0)+IFERROR(IF(E20="",0,E20),0)-IFERROR(IF(F20="",0,F20),0) -> 0
... A37: 30 | G37: =IFERROR(G36,0)+IFERROR(IF(E37="",0,E37),0)-IFERROR(IF(F37="",0,F37),0) -> 0
A38: TOTAL BULAN INI | E38: =SUM(E8:E37) -> 0 | F38: =SUM(F8:F37) -> 0 | G38: =G37 -> 0
A40: 📊 SELISIH (Pemasukan – Pengeluaran) | E40: =E38-F38 -> 0
A41: ℹ️ Jika Selisih POSITIF (+) → Usaha UNTUNG bulan ini | Jika NEGATIF (–) → Perlu dievaluasi
A43: 💡 Contoh Kategori Pemasukan: Penjualan, Jasa, Titipan | Pengeluaran: Bahan Baku, Ongkos Kirim, Listrik, Gaji, Sewa, Lain-lain

Sheet 📅 September
A2: 📒 BUKU KAS USAHA — SEPTEMBER
A3: Nama Usaha : ___________________________ Nama Pemilik : ___________________________ Tahun : _______
A5: 💰 SALDO AWAL BULAN INI (Rp) | E5: 0 | F5: ← Isi angka saldo awal di sini
A7: No | B7: Tanggal | C7: Keterangan | D7: Kategori | E7: Pemasukan (Rp) | F7: Pengeluaran (Rp) | G7: Saldo (Rp)
A8: 1 | G8: =E5+IFERROR(IF(E8="",0,E8),0)-IFERROR(IF(F8="",0,F8),0) -> 0
A9: 2 | G9: =IFERROR(G8,0)+IFERROR(IF(E9="",0,E9),0)-IFERROR(IF(F9="",0,F9),0) -> 0
A10: 3 | G10: =IFERROR(G9,0)+IFERROR(IF(E10="",0,E10),0)-IFERROR(IF(F10="",0,F10),0) -> 0
A11: 4 | G11: =IFERROR(G10,0)+IFERROR(IF(E11="",0,E11),0)-IFERROR(IF(F11="",0,F11),0) -> 0
A12: 5 | G12: =IFERROR(G11,0)+IFERROR(IF(E12="",0,E12),0)-IFERROR(IF(F12="",0,F12),0) -> 0
A13: 6 | G13: =IFERROR(G12,0)+IFERROR(IF(E13="",0,E13),0)-IFERROR(IF(F13="",0,F13),0) -> 0
A14: 7 | G14: =IFERROR(G13,0)+IFERROR(IF(E14="",0,E14),0)-IFERROR(IF(F14="",0,F14),0) -> 0
A15: 8 | G15: =IFERROR(G14,0)+IFERROR(IF(E15="",0,E15),0)-IFERROR(IF(F15="",0,F15),0) -> 0
A16: 9 | G16: =IFERROR(G15,0)+IFERROR(IF(E16="",0,E16),0)-IFERROR(IF(F16="",0,F16),0) -> 0
A17: 10 | G17: =IFERROR(G16,0)+IFERROR(IF(E17="",0,E17),0)-IFERROR(IF(F17="",0,F17),0) -> 0
A18: 11 | G18: =IFERROR(G17,0)+IFERROR(IF(E18="",0,E18),0)-IFERROR(IF(F18="",0,F18),0) -> 0
A19: 12 | G19: =IFERROR(G18,0)+IFERROR(IF(E19="",0,E19),0)-IFERROR(IF(F19="",0,F19),0) -> 0
A20: 13 | G20: =IFERROR(G19,0)+IFERROR(IF(E20="",0,E20),0)-IFERROR(IF(F20="",0,F20),0) -> 0
... A37: 30 | G37: =IFERROR(G36,0)+IFERROR(IF(E37="",0,E37),0)-IFERROR(IF(F37="",0,F37),0) -> 0
A38: TOTAL BULAN INI | E38: =SUM(E8:E37) -> 0 | F38: =SUM(F8:F37) -> 0 | G38: =G37 -> 0
A40: 📊 SELISIH (Pemasukan – Pengeluaran) | E40: =E38-F38 -> 0
A41: ℹ️ Jika Selisih POSITIF (+) → Usaha UNTUNG bulan ini | Jika NEGATIF (–) → Perlu dievaluasi
A43: 💡 Contoh Kategori Pemasukan: Penjualan, Jasa, Titipan | Pengeluaran: Bahan Baku, Ongkos Kirim, Listrik, Gaji, Sewa, Lain-lain

Sheet 📅 Oktober
A2: 📒 BUKU KAS USAHA — OKTOBER
A3: Nama Usaha : ___________________________ Nama Pemilik : ___________________________ Tahun : _______
A5: 💰 SALDO AWAL BULAN INI (Rp) | E5: 0 | F5: ← Isi angka saldo awal di sini
A7: No | B7: Tanggal | C7: Keterangan | D7: Kategori | E7: Pemasukan (Rp) | F7: Pengeluaran (Rp) | G7: Saldo (Rp)
A8: 1 | G8: =E5+IFERROR(IF(E8="",0,E8),0)-IFERROR(IF(F8="",0,F8),0) -> 0
A9: 2 | G9: =IFERROR(G8,0)+IFERROR(IF(E9="",0,E9),0)-IFERROR(IF(F9="",0,F9),0) -> 0
A10: 3 | G10: =IFERROR(G9,0)+IFERROR(IF(E10="",0,E10),0)-IFERROR(IF(F10="",0,F10),0) -> 0
A11: 4 | G11: =IFERROR(G10,0)+IFERROR(IF(E11="",0,E11),0)-IFERROR(IF(F11="",0,F11),0) -> 0
A12: 5 | G12: =IFERROR(G11,0)+IFERROR(IF(E12="",0,E12),0)-IFERROR(IF(F12="",0,F12),0) -> 0
A13: 6 | G13: =IFERROR(G12,0)+IFERROR(IF(E13="",0,E13),0)-IFERROR(IF(F13="",0,F13),0) -> 0
A14: 7 | G14: =IFERROR(G13,0)+IFERROR(IF(E14="",0,E14),0)-IFERROR(IF(F14="",0,F14),0) -> 0
A15: 8 | G15: =IFERROR(G14,0)+IFERROR(IF(E15="",0,E15),0)-IFERROR(IF(F15="",0,F15),0) -> 0
A16: 9 | G16: =IFERROR(G15,0)+IFERROR(IF(E16="",0,E16),0)-IFERROR(IF(F16="",0,F16),0) -> 0
A17: 10 | G17: =IFERROR(G16,0)+IFERROR(IF(E17="",0,E17),0)-IFERROR(IF(F17="",0,F17),0) -> 0
A18: 11 | G18: =IFERROR(G17,0)+IFERROR(IF(E18="",0,E18),0)-IFERROR(IF(F18="",0,F18),0) -> 0
A19: 12 | G19: =IFERROR(G18,0)+IFERROR(IF(E19="",0,E19),0)-IFERROR(IF(F19="",0,F19),0) -> 0
A20: 13 | G20: =IFERROR(G19,0)+IFERROR(IF(E20="",0,E20),0)-IFERROR(IF(F20="",0,F20),0) -> 0
... A37: 30 | G37: =IFERROR(G36,0)+IFERROR(IF(E37="",0,E37),0)-IFERROR(IF(F37="",0,F37),0) -> 0
A38: TOTAL BULAN INI | E38: =SUM(E8:E37) -> 0 | F38: =SUM(F8:F37) -> 0 | G38: =G37 -> 0
A40: 📊 SELISIH (Pemasukan – Pengeluaran) | E40: =E38-F38 -> 0
A41: ℹ️ Jika Selisih POSITIF (+) → Usaha UNTUNG bulan ini | Jika NEGATIF (–) → Perlu dievaluasi
A43: 💡 Contoh Kategori Pemasukan: Penjualan, Jasa, Titipan | Pengeluaran: Bahan Baku, Ongkos Kirim, Listrik, Gaji, Sewa, Lain-lain

Sheet 📅 November
A2: 📒 BUKU KAS USAHA — NOVEMBER
A3: Nama Usaha : ___________________________ Nama Pemilik : ___________________________ Tahun : _______
A5: 💰 SALDO AWAL BULAN INI (Rp) | E5: 0 | F5: ← Isi angka saldo awal di sini
A7: No | B7: Tanggal | C7: Keterangan | D7: Kategori | E7: Pemasukan (Rp) | F7: Pengeluaran (Rp) | G7: Saldo (Rp)
A8: 1 | G8: =E5+IFERROR(IF(E8="",0,E8),0)-IFERROR(IF(F8="",0,F8),0) -> 0
A9: 2 | G9: =IFERROR(G8,0)+IFERROR(IF(E9="",0,E9),0)-IFERROR(IF(F9="",0,F9),0) -> 0
A10: 3 | G10: =IFERROR(G9,0)+IFERROR(IF(E10="",0,E10),0)-IFERROR(IF(F10="",0,F10),0) -> 0
A11: 4 | G11: =IFERROR(G10,0)+IFERROR(IF(E11="",0,E11),0)-IFERROR(IF(F11="",0,F11),0) -> 0
A12: 5 | G12: =IFERROR(G11,0)+IFERROR(IF(E12="",0,E12),0)-IFERROR(IF(F12="",0,F12),0) -> 0
A13: 6 | G13: =IFERROR(G12,0)+IFERROR(IF(E13="",0,E13),0)-IFERROR(IF(F13="",0,F13),0) -> 0
A14: 7 | G14: =IFERROR(G13,0)+IFERROR(IF(E14="",0,E14),0)-IFERROR(IF(F14="",0,F14),0) -> 0
A15: 8 | G15: =IFERROR(G14,0)+IFERROR(IF(E15="",0,E15),0)-IFERROR(IF(F15="",0,F15),0) -> 0
A16: 9 | G16: =IFERROR(G15,0)+IFERROR(IF(E16="",0,E16),0)-IFERROR(IF(F16="",0,F16),0) -> 0
A17: 10 | G17: =IFERROR(G16,0)+IFERROR(IF(E17="",0,E17),0)-IFERROR(IF(F17="",0,F17),0) -> 0
A18: 11 | G18: =IFERROR(G17,0)+IFERROR(IF(E18="",0,E18),0)-IFERROR(IF(F18="",0,F18),0) -> 0
A19: 12 | G19: =IFERROR(G18,0)+IFERROR(IF(E19="",0,E19),0)-IFERROR(IF(F19="",0,F19),0) -> 0
A20: 13 | G20: =IFERROR(G19,0)+IFERROR(IF(E20="",0,E20),0)-IFERROR(IF(F20="",0,F20),0) -> 0
... A37: 30 | G37: =IFERROR(G36,0)+IFERROR(IF(E37="",0,E37),0)-IFERROR(IF(F37="",0,F37),0) -> 0
A38: TOTAL BULAN INI | E38: =SUM(E8:E37) -> 0 | F38: =SUM(F8:F37) -> 0 | G38: =G37 -> 0
A40: 📊 SELISIH (Pemasukan – Pengeluaran) | E40: =E38-F38 -> 0
A41: ℹ️ Jika Selisih POSITIF (+) → Usaha UNTUNG bulan ini | Jika NEGATIF (–) → Perlu dievaluasi
A43: 💡 Contoh Kategori Pemasukan: Penjualan, Jasa, Titipan | Pengeluaran: Bahan Baku, Ongkos Kirim, Listrik, Gaji, Sewa, Lain-lain

Sheet 📅 Desember
A2: 📒 BUKU KAS USAHA — DESEMBER
A3: Nama Usaha : ___________________________ Nama Pemilik : ___________________________ Tahun : _______
A5: 💰 SALDO AWAL BULAN INI (Rp) | E5: 0 | F5: ← Isi angka saldo awal di sini
A7: No | B7: Tanggal | C7: Keterangan | D7: Kategori | E7: Pemasukan (Rp) | F7: Pengeluaran (Rp) | G7: Saldo (Rp)
A8: 1 | G8: =E5+IFERROR(IF(E8="",0,E8),0)-IFERROR(IF(F8="",0,F8),0) -> 0
A9: 2 | G9: =IFERROR(G8,0)+IFERROR(IF(E9="",0,E9),0)-IFERROR(IF(F9="",0,F9),0) -> 0
A10: 3 | G10: =IFERROR(G9,0)+IFERROR(IF(E10="",0,E10),0)-IFERROR(IF(F10="",0,F10),0) -> 0
A11: 4 | G11: =IFERROR(G10,0)+IFERROR(IF(E11="",0,E11),0)-IFERROR(IF(F11="",0,F11),0) -> 0
A12: 5 | G12: =IFERROR(G11,0)+IFERROR(IF(E12="",0,E12),0)-IFERROR(IF(F12="",0,F12),0) -> 0
A13: 6 | G13: =IFERROR(G12,0)+IFERROR(IF(E13="",0,E13),0)-IFERROR(IF(F13="",0,F13),0) -> 0
A14: 7 | G14: =IFERROR(G13,0)+IFERROR(IF(E14="",0,E14),0)-IFERROR(IF(F14="",0,F14),0) -> 0
A15: 8 | G15: =IFERROR(G14,0)+IFERROR(IF(E15="",0,E15),0)-IFERROR(IF(F15="",0,F15),0) -> 0
A16: 9 | G16: =IFERROR(G15,0)+IFERROR(IF(E16="",0,E16),0)-IFERROR(IF(F16="",0,F16),0) -> 0
A17: 10 | G17: =IFERROR(G16,0)+IFERROR(IF(E17="",0,E17),0)-IFERROR(IF(F17="",0,F17),0) -> 0
A18: 11 | G18: =IFERROR(G17,0)+IFERROR(IF(E18="",0,E18),0)-IFERROR(IF(F18="",0,F18),0) -> 0
A19: 12 | G19: =IFERROR(G18,0)+IFERROR(IF(E19="",0,E19),0)-IFERROR(IF(F19="",0,F19),0) -> 0
A20: 13 | G20: =IFERROR(G19,0)+IFERROR(IF(E20="",0,E20),0)-IFERROR(IF(F20="",0,F20),0) -> 0
... A37: 30 | G37: =IFERROR(G36,0)+IFERROR(IF(E37="",0,E37),0)-IFERROR(IF(F37="",0,F37),0) -> 0
A38: TOTAL BULAN INI | E38: =SUM(E8:E37) -> 0 | F38: =SUM(F8:F37) -> 0 | G38: =G37 -> 0
A40: 📊 SELISIH (Pemasukan – Pengeluaran) | E40: =E38-F38 -> 0
A41: ℹ️ Jika Selisih POSITIF (+) → Usaha UNTUNG bulan ini | Jika NEGATIF (–) → Perlu dievaluasi
A43: 💡 Contoh Kategori Pemasukan: Penjualan, Jasa, Titipan | Pengeluaran: Bahan Baku, Ongkos Kirim, Listrik, Gaji, Sewa, Lain-lain

Sheet 📊 Rekap Tahunan
A2: 📊 REKAP KEUANGAN TAHUNAN USAHA
A3: Nama Usaha : ___________________________ Tahun : _______
A5: No | B5: Bulan | C5: Total Pemasukan (Rp) | D5: Total Pengeluaran (Rp) | E5: Untung / Rugi (Rp) | F5: Status
A6: 1 | B6: Januari | C6: ='📅 Januari'!E38 -> 0 | D6: ='📅 Januari'!F38 -> 150000 | E6: =C6-D6 -> -150000 | F6: =IF(E6>0,"✅ Untung",IF(E6<0,"⚠️ Rugi","➖ Impas")) -> ⚠️ Rugi
A7: 2 | B7: Februari | C7: ='📅 Februari'!E38 -> 0 | D7: ='📅 Februari'!F38 -> 0 | E7: =C7-D7 -> 0 | F7: =IF(E7>0,"✅ Untung",IF(E7<0,"⚠️ Rugi","➖ Impas")) -> ➖ Impas
A8: 3 | B8: Maret | C8: ='📅 Maret'!E38 -> 0 | D8: ='📅 Maret'!F38 -> 0 | E8: =C8-D8 -> 0 | F8: =IF(E8>0,"✅ Untung",IF(E8<0,"⚠️ Rugi","➖ Impas")) -> ➖ Impas
A9: 4 | B9: April | C9: ='📅 April'!E38 -> 0 | D9: ='📅 April'!F38 -> 0 | E9: =C9-D9 -> 0 | F9: =IF(E9>0,"✅ Untung",IF(E9<0,"⚠️ Rugi","➖ Impas")) -> ➖ Impas
A10: 5 | B10: Mei | C10: ='📅 Mei'!E38 -> 0 | D10: ='📅 Mei'!F38 -> 0 | E10: =C10-D10 -> 0 | F10: =IF(E10>0,"✅ Untung",IF(E10<0,"⚠️ Rugi","➖ Impas")) -> ➖ Impas
A11: 6 | B11: Juni | C11: ='📅 Juni'!E38 -> 0 | D11: ='📅 Juni'!F38 -> 0 | E11: =C11-D11 -> 0 | F11: =IF(E11>0,"✅ Untung",IF(E11<0,"⚠️ Rugi","➖ Impas")) -> ➖ Impas
A12: 7 | B12: Juli | C12: ='📅 Juli'!E38 -> 0 | D12: ='📅 Juli'!F38 -> 0 | E12: =C12-D12 -> 0 | F12: =IF(E12>0,"✅ Untung",IF(E12<0,"⚠️ Rugi","➖ Impas")) -> ➖ Impas
A13: 8 | B13: Agustus | C13: ='📅 Agustus'!E38 -> 0 | D13: ='📅 Agustus'!F38 -> 0 | E13: =C13-D13 -> 0 | F13: =IF(E13>0,"✅ Untung",IF(E13<0,"⚠️ Rugi","➖ Impas")) -> ➖ Impas
A14: 9 | B14: September | C14: ='📅 September'!E38 -> 0 | D14: ='📅 September'!F38 -> 0 | E14: =C14-D14 -> 0 | F14: =IF(E14>0,"✅ Untung",IF(E14<0,"⚠️ Rugi","➖ Impas")) -> ➖ Impas
A15: 10 | B15: Oktober | C15: ='📅 Oktober'!E38 -> 0 | D15: ='📅 Oktober'!F38 -> 0 | E15: =C15-D15 -> 0 | F15: =IF(E15>0,"✅ Untung",IF(E15<0,"⚠️ Rugi","➖ Impas")) -> ➖ Impas
A16: 11 | B16: November | C16: ='📅 November'!E38 -> 0 | D16: ='📅 November'!F38 -> 0 | E16: =C16-D16 -> 0 | F16: =IF(E16>0,"✅ Untung",IF(E16<0,"⚠️ Rugi","➖ Impas")) -> ➖ Impas
A17: 12 | B17: Desember | C17: ='📅 Desember'!E38 -> 0 | D17: ='📅 Desember'!F38 -> 0 | E17: =C17-D17 -> 0 | F17: =IF(E17>0,"✅ Untung",IF(E17<0,"⚠️ Rugi","➖ Impas")) -> ➖ Impas
A20: TOTAL SETAHUN | C20: =SUM(C6:C17) -> 0 | D20: =SUM(D6:D17) -> 150000 | E20: =C20-D20 -> -150000 | F20: =IF(E20>0,"✅ UNTUNG",IF(E20<0,"⚠️ RUGI","➖ IMPAS")) -> ⚠️ RUGI
A22: ℹ️ Rekap ini terisi otomatis dari sheet setiap bulan. Pastikan setiap sheet bulanan sudah diisi dengan benar.
